region_name,school_count,student_count,male_students,female_students,class_count,teacher_count,avg_students_per_school,avg_students_per_class,students_per_teacher,population,academy_count,academy_capacity,pension_avg_income,academy_per_1000_students,schools_per_100k_population,high_school_students_per_1000_population,male_share,female_share,source_scope
강원특별자치도 강릉시,11,4926.0,2547.0,2379.0,216.0,464,447.8181818181818,22.805555555555557,10.616379310344827,205895,599,23447,1416342,121.59967519285424,5.34252895893538,23.924816047014254,0.5170523751522533,0.48294762484774667,2025 high schools only for school-level metrics
강원특별자치도 고성군,4,403.0,228.0,175.0,27.0,66,100.75,14.925925925925926,6.106060606060606,26942,17,695,1463262,42.183622828784124,14.846707742558086,14.958058050627272,0.56575682382134,0.43424317617866004,2025 high schools only for school-level metrics
강원특별자치도 동해시,6,2331.0,1156.0,1175.0,105.0,218,388.5,22.2,10.692660550458715,86062,176,6954,1402075,75.5040755040755,6.971718063721504,27.08512467755804,0.49592449592449594,0.504075504075504,2025 high schools only for school-level metrics
강원특별자치도 삼척시,8,1299.0,721.0,578.0,69.0,157,162.375,18.82608695652174,8.273885350318471,60135,85,3823,1381726,65.43494996150885,13.303400681799284,21.601396857071588,0.5550423402617398,0.4449576597382602,2025 high schools only for school-level metrics
강원특별자치도 속초시,3,1849.0,970.0,879.0,77.0,158,616.3333333333334,24.01298701298701,11.70253164556962,79252,163,10008936,1511789,88.1557598702001,3.7853934285570086,23.33064149800636,0.5246078961600865,0.4753921038399135,2025 high schools only for school-level metrics
강원특별자치도 양구군,3,653.0,327.0,326.0,34.0,81,217.66666666666666,19.205882352941178,8.061728395061728,20382,27,1056,1335820,41.34762633996937,14.718869590815427,32.03807280934157,0.5007656967840735,0.4992343032159265,2025 high schools only for school-level metrics
강원특별자치도 양양군,1,437.0,244.0,193.0,19.0,41,437.0,23.0,10.658536585365853,27390,32,1457,1457673,73.22654462242564,3.6509675063891933,15.954728002920772,0.5583524027459954,0.4416475972540046,2025 high schools only for school-level metrics
강원특별자치도 영월군,6,777.0,482.0,295.0,51.0,118,129.5,15.235294117647058,6.584745762711864,35917,48,1467,1407623,61.77606177606178,16.70518139042793,21.63320990060417,0.6203346203346203,0.37966537966537967,2025 high schools only for school-level metrics
강원특별자치도 원주시,16,9783.0,5128.0,4655.0,378.0,783,611.4375,25.88095238095238,12.494252873563218,363669,1000,48905,1397671,102.21813349688234,4.399605135439095,26.900835650000413,0.5241745885720127,0.47582541142798734,2025 high schools only for school-level metrics
강원특별자치도 인제군,4,455.0,251.0,204.0,29.0,63,113.75,15.689655172413794,7.222222222222222,30742,38,727,1496949,83.51648351648352,13.011515190943985,14.800598529698783,0.5516483516483517,0.44835164835164837,2025 high schools only for school-level metrics
강원특별자치도 정선군,7,679.0,354.0,325.0,44.0,101,97.0,15.431818181818182,6.7227722772277225,35001,28,560,1370397,41.23711340206186,19.999428587754636,19.399445730121997,0.5213549337260678,0.4786450662739323,2025 high schools only for school-level metrics
강원특별자치도 철원군,5,882.0,468.0,414.0,56.0,112,176.4,15.75,7.875,39818,60,3040,1454547,68.02721088435375,12.557134964086595,22.150786076648753,0.5306122448979592,0.46938775510204084,2025 high schools only for school-level metrics
강원특별자치도 춘천시,14,7295.0,3793.0,3502.0,311.0,675,521.0714285714286,23.456591639871384,10.807407407407407,284855,691,34236,1419291,94.72241261137766,4.914781204472451,25.609520633304662,0.5199451679232351,0.4800548320767649,2025 high schools only for school-level metrics
강원특별자치도 태백시,5,972.0,533.0,439.0,55.0,126,194.4,17.672727272727272,7.714285714285714,36886,44,1655,1374941,45.26748971193416,13.555278425418857,26.35146125901426,0.5483539094650206,0.45164609053497945,2025 high schools only for school-level metrics
강원특별자치도 평창군,5,686.0,363.0,323.0,38.0,97,137.2,18.05263157894737,7.072164948453608,39949,32,735,1418071,46.647230320699705,12.515957846253974,17.17189416506045,0.5291545189504373,0.4708454810495627,2025 high schools only for school-level metrics
강원특별자치도 홍천군,7,1362.0,662.0,700.0,71.0,158,194.57142857142858,19.183098591549296,8.620253164556962,65937,80,3759,1468362,58.737151248164466,10.616194246022719,20.656080804404205,0.48604992657856094,0.5139500734214391,2025 high schools only for school-level metrics
강원특별자치도 화천군,4,396.0,191.0,205.0,27.0,66,99.0,14.666666666666666,6.0,22284,24,616,1427658,60.60606060606061,17.95009872554299,17.770597738287563,0.4823232323232323,0.5176767676767676,2025 high schools only for school-level metrics
강원특별자치도 횡성군,7,1373.0,743.0,630.0,82.0,181,196.14285714285714,16.74390243902439,7.585635359116022,45583,44,2283,1411992,32.04661325564458,15.356602242063927,30.120878397648244,0.5411507647487254,0.4588492352512746,2025 high schools only for school-level metrics
경기도 가평군,5,1459.0,720.0,739.0,71.0,148,291.8,20.549295774647888,9.858108108108109,62030,85,4754,1519847,58.25908156271419,8.06061583104949,23.520876995002418,0.49348869088416725,0.5065113091158328,2025 high schools only for school-level metrics
경기도 고양시,38,27386.0,14010.0,13376.0,1184.0,2331,720.6842105263158,23.13006756756757,11.74860574860575,277365,3478,217718,1483901,126.9991966698313,13.700358733077353,98.73632217475169,0.511575257430804,0.48842474256919594,2025 high schools only for school-level metrics
경기도 과천시,4,2061.0,959.0,1102.0,99.0,189,515.25,20.818181818181817,10.904761904761905,80098,293,11165,1636558,142.16399805919457,4.993882493944918,25.730979550051185,0.46530810286268803,0.534691897137312,2025 high schools only for school-level metrics
경기도 광명시,11,7766.0,4084.0,3682.0,333.0,657,706.0,23.32132132132132,11.820395738203958,300826,884,39449,1534423,113.82951326294102,3.6565988312180466,25.815587748399405,0.5258820499613701,0.47411795003862994,2025 high schools only for school-level metrics
경기도 광주시,8,7268.0,3482.0,3786.0,248.0,488,908.5,29.306451612903224,14.89344262295082,397174,804,46497,1521126,110.62190423775455,2.0142305387563133,18.29928444460111,0.4790864061640066,0.5209135938359934,2025 high schools only for school-level metrics
경기도 구리시,7,4387.0,2315.0,2072.0,186.0,372,626.7142857142857,23.586021505376344,11.793010752688172,185946,584,34291,1513436,133.120583542284,3.7645337893797124,23.592871048583994,0.5276954638705266,0.47230453612947343,2025 high schools only for school-level metrics
경기도 군포시,8,6168.0,3306.0,2862.0,266.0,525,771.0,23.18796992481203,11.748571428571429,250701,688,23579,1476776,111.54345006485084,3.191052289380577,24.603013151124248,0.5359922178988327,0.46400778210116733,2025 high schools only for school-level metrics
경기도 김포시,16,13716.0,7021.0,6695.0,463.0,899,857.25,29.624190064794817,15.256952169076753,484614,1773,107292,1538593,129.26509186351706,3.301596734720829,28.30293800839431,0.5118839311752698,0.48811606882473024,2025 high schools only for school-level metrics
경기도 남양주시,21,20160.0,10302.0,9858.0,720.0,1392,960.0,28.0,14.482758620689655,729142,2050,115579,1514915,101.68650793650794,2.8800974295816175,27.64893532398353,0.5110119047619047,0.4889880952380952,2025 high schools only for school-level metrics
경기도 동두천시,6,2659.0,1252.0,1407.0,117.0,240,443.1666666666667,22.726495726495727,11.079166666666667,86299,120,8506,1401656,45.12974802557353,6.9525718722117285,30.81148101368498,0.47085370440015045,0.5291462955998496,2025 high schools only for school-level metrics
경기도 부천시,28,17735.0,8990.0,8745.0,770.0,1514,633.3928571428571,23.032467532467532,11.714002642007927,148890,2068,123355,1171429,116.60558218212574,18.805829807240244,119.11478272550205,0.5069072455596279,0.49309275444037215,2025 high schools only for school-level metrics
경기도 성남시,36,24073.0,12047.0,12026.0,1025.0,2055,668.6944444444445,23.485853658536584,11.714355231143552,469435,3290,101197335,1522656,136.66763594068044,7.668793336670679,51.28079499824257,0.5004361733061936,0.49956382669380633,2025 high schools only for school-level metrics
경기도 수원시,45,33812.0,17966.0,15846.0,1402.0,2849,751.3777777777777,24.1169757489301,11.868023868023869,362132,3647,141123,1459103,107.86111439725542,12.426408050103278,93.3692686644649,0.531349816633148,0.468650183366852,2025 high schools only for school-level metrics
경기도 시흥시,17,14226.0,7473.0,6753.0,525.0,1036,836.8235294117648,27.097142857142856,13.731660231660232,514384,1450,79158,1544444,101.92605089273161,3.304923947867741,27.65638122492146,0.5253057781526782,0.4746942218473218,2025 high schools only for school-level metrics
경기도 안산시,24,18165.0,9484.0,8681.0,797.0,1579,756.875,22.79171894604768,11.504116529449018,289296,1216,61823,1454377,66.9419212771814,8.296001327360212,62.79036004645761,0.5221029452243325,0.4778970547756675,2025 high schools only for school-level metrics
경기도 안성시,9,4912.0,2524.0,2388.0,181.0,368,545.7777777777778,27.138121546961326,13.347826086956522,196871,344,16932,1457287,70.03257328990229,4.571521453134285,24.95034819755068,0.5138436482084691,0.48615635179153094,2025 high schools only for school-level metrics
경기도 안양시,21,15321.0,7821.0,7500.0,659.0,1325,729.5714285714286,23.24886191198786,11.563018867924528,329815,1806,99022,1492805,117.87742314470334,6.367205857829389,46.45331473704955,0.5104758175053847,0.4895241824946152,2025 high schools only for school-level metrics
경기도 양주시,8,6422.0,3176.0,3246.0,226.0,447,802.75,28.41592920353982,14.3668903803132,296740,595,40337,1464956,92.65026471504206,2.6959627957134193,21.641841342589473,0.49454998442852693,0.5054500155714731,2025 high schools only for school-level metrics
경기도 양평군,8,2879.0,1415.0,1464.0,124.0,254,359.875,23.217741935483872,11.334645669291339,126830,235,8653,1507859,81.62556443209448,6.307655917369707,22.699676732634238,0.49149010072941995,0.5085098992705801,2025 high schools only for school-level metrics
경기도 여주시,9,2801.0,1542.0,1259.0,122.0,278,311.22222222222223,22.959016393442624,10.075539568345324,113735,164,8868,1481670,58.5505176722599,7.913131401943113,24.627423396491846,0.5505176722599072,0.44948232774009284,2025 high schools only for school-level metrics
경기도 연천군,2,703.0,389.0,314.0,40.0,85,351.5,17.575,8.270588235294118,42578,35,2089,1397143,49.786628733997155,4.697261496547513,16.51087416036451,0.5533428165007113,0.4466571834992888,2025 high schools only for school-level metrics
경기도 오산시,8,7237.0,3621.0,3616.0,239.0,468,904.625,30.280334728033473,15.463675213675213,250518,553,22503,1472635,76.41287826447423,3.1933833097821314,28.888143766116606,0.5003454470084289,0.4996545529915711,2025 high schools only for school-level metrics
경기도 용인시,32,29834.0,15451.0,14383.0,1019.0,1994,932.3125,29.277723258096174,14.961885656970912,373308,3415,120458,1553357,114.46671582757926,8.57201024355224,79.91792300191798,0.5178990413622042,0.4821009586377958,2025 high schools only for school-level metrics
경기도 의왕시,6,3383.0,1636.0,1747.0,144.0,295,563.8333333333334,23.493055555555557,11.467796610169492,161183,334,8599,1541272,98.72893881170558,3.722476936153316,20.988565791677782,0.4835944428022465,0.5164055571977535,2025 high schools only for school-level metrics
경기도 의정부시,16,11186.0,6046.0,5140.0,481.0,976,699.125,23.255717255717254,11.461065573770492,461581,1161,57286,1403650,103.79045235115322,3.4663471850011156,24.234099757139052,0.5404970498837833,0.4595029501162167,2025 high schools only for school-level metrics
경기도 이천시,12,6018.0,3030.0,2988.0,259.0,534,501.5,23.235521235521237,11.269662921348315,222906,581,32627,1516784,96.54370222665337,5.383435169981966,26.997927377459558,0.5034895314057827,0.4965104685942173,2025 high schools only for school-level metrics
경기도 파주시,19,13958.0,6877.0,7081.0,522.0,1027,734.6315789473684,26.739463601532567,13.591041869522883,528614,1313,72305,1478961,94.06791803983378,3.5943051073183834,26.404900362078944,0.4926923628026938,0.5073076371973062,2025 high schools only for school-level metrics
경기도 평택시,21,16460.0,8678.0,7782.0,590.0,1181,783.8095238095239,27.89830508474576,13.937341236240474,613456,1335,42354,1457901,81.10571081409478,3.4232283977987015,26.83159020369839,0.5272174969623329,0.47278250303766706,2025 high schools only for school-level metrics
경기도 포천시,7,3051.0,1678.0,1373.0,161.0,319,435.85714285714283,18.950310559006212,9.564263322884013,140355,150,7498,1501569,49.164208456243855,4.987353496491041,21.737736453991666,0.5499836119305146,0.4500163880694854,2025 high schools only for school-level metrics
경기도 하남시,10,7627.0,3759.0,3868.0,279.0,567,762.7,27.336917562724015,13.451499118165785,327740,1070,61011,1562638,140.2910711944408,3.051199121254653,23.27149569780924,0.49285433328962897,0.5071456667103711,2025 high schools only for school-level metrics
경기도 화성시,32,26837.0,13231.0,13606.0,864.0,1705,838.65625,31.06134259259259,15.740175953079179,425467,3427,139618,1552935,127.69683645713009,7.521147351028399,63.07657233110911,0.49301337705406717,0.5069866229459329,2025 high schools only for school-level metrics
경상남도 거제시,10,7679.0,4021.0,3658.0,306.0,584,767.9,25.094771241830067,13.148972602739725,230117,558,26469,1315774,72.66571168120849,4.345615491250103,33.36998135730954,0.5236358900898554,0.47636410991014455,2025 high schools only for school-level metrics
경상남도 거창군,7,2148.0,1261.0,887.0,105.0,209,306.85714285714283,20.457142857142856,10.277511961722489,58737,135,5249,1379363,62.849162011173185,11.917530687641522,36.56979416721998,0.5870577281191807,0.4129422718808194,2025 high schools only for school-level metrics
경상남도 고성군,4,1403.0,889.0,514.0,74.0,142,350.75,18.95945945945946,9.880281690140846,46901,81,3052,1315565,57.73342836778332,8.52860280164602,29.914074326773417,0.6336421952957947,0.36635780470420526,2025 high schools only for school-level metrics
경상남도 김해시,23,15591.0,7715.0,7876.0,630.0,1208,677.8695652173913,24.747619047619047,12.906456953642385,532715,1599,68667,1443213,102.55916875120262,4.31750560806435,29.26705649362229,0.4948367648002052,0.5051632351997948,2025 high schools only for school-level metrics
경상남도 남해군,6,1227.0,627.0,600.0,71.0,143,204.5,17.281690140845072,8.58041958041958,40887,46,1423,1335958,37.489812550937245,14.674590945777387,30.009538484114753,0.511002444987775,0.4889975550122249,2025 high schools only for school-level metrics
경상남도 밀양시,8,2510.0,1337.0,1173.0,119.0,237,313.75,21.092436974789916,10.59071729957806,98901,203,6083,1316622,80.87649402390439,8.088896977785867,25.378914267803157,0.5326693227091633,0.46733067729083666,2025 high schools only for school-level metrics
경상남도 사천시,9,3019.0,1552.0,1467.0,144.0,284,335.44444444444446,20.96527777777778,10.630281690140846,107889,261,13190,1368427,86.45246770453794,8.34190695993104,27.98246345781312,0.5140775091089764,0.4859224908910235,2025 high schools only for school-level metrics
경상남도 산청군,7,738.0,346.0,392.0,47.0,112,105.42857142857143,15.702127659574469,6.589285714285714,32679,27,1067,1351744,36.58536585365854,21.420484102940726,22.583310382814652,0.46883468834688347,0.5311653116531165,2025 high schools only for school-level metrics
경상남도 양산시,13,10291.0,5109.0,5182.0,356.0,675,791.6153846153846,28.90730337078652,15.245925925925926,361336,999,42629,1424024,97.0751141774366,3.5977594261296963,28.480417118692852,0.49645321154406763,0.5035467884559324,2025 high schools only for school-level metrics
경상남도 의령군,3,393.0,184.0,209.0,23.0,52,131.0,17.08695652173913,7.5576923076923075,24531,22,864,1335466,55.97964376590331,12.229423994129878,16.02054543231014,0.4681933842239186,0.5318066157760815,2025 high schools only for school-level metrics
경상남도 진주시,21,9868.0,5208.0,4660.0,457.0,898,469.9047619047619,21.592997811816193,10.988864142538976,335108,1237,50797,1385976,125.35468179975679,6.266636427659142,29.447222984828773,0.5277665180381029,0.472233481961897,2025 high schools only for school-level metrics
경상남도 창녕군,8,1715.0,945.0,770.0,90.0,186,214.375,19.055555555555557,9.220430107526882,54883,82,2126,1356078,47.8134110787172,14.57646265692473,31.24829182078239,0.5510204081632653,0.4489795918367347,2025 high schools only for school-level metrics
경상남도 창원시,48,26385.0,13861.0,12524.0,1151.0,2215,549.6875,22.92354474370113,11.91196388261851,183906,3003,95743,1425857,113.8146674246731,26.10029036573032,143.47003360412387,0.5253363653591056,0.47466363464089445,2025 high schools only for school-level metrics
경상남도 통영시,5,3538.0,1779.0,1759.0,140.0,264,707.6,25.271428571428572,13.401515151515152,116208,271,10806,1357752,76.59694742792539,4.302629767313782,30.445408233512325,0.5028264556246467,0.4971735443753533,2025 high schools only for school-level metrics
경상남도 하동군,5,564.0,313.0,251.0,38.0,83,112.8,14.842105263157896,6.795180722891566,39835,41,1857,1370607,72.6950354609929,12.551776076314798,14.158403414083093,0.5549645390070922,0.4450354609929078,2025 high schools only for school-level metrics
경상남도 함안군,5,1428.0,703.0,725.0,65.0,136,285.6,21.96923076923077,10.5,57345,110,4430,1424365,77.03081232492998,8.719155985700585,24.90190949516087,0.49229691876750703,0.507703081232493,2025 high schools only for school-level metrics
경상남도 함양군,4,740.0,389.0,351.0,45.0,89,185.0,16.444444444444443,8.314606741573034,35388,60,1354,1361140,81.08108108108108,11.303266644060134,20.911043291511245,0.5256756756756756,0.4743243243243243,2025 high schools only for school-level metrics
경상남도 합천군,6,696.0,394.0,302.0,44.0,98,116.0,15.818181818181818,7.1020408163265305,39011,39,1095,1366202,56.03448275862069,15.380277357668351,17.841121734895285,0.5660919540229885,0.4339080459770115,2025 high schools only for school-level metrics
경상북도 경산시,12,5803.0,3000.0,2803.0,245.0,483,483.5833333333333,23.685714285714287,12.014492753623188,263316,671,24153,1391194,115.6298466310529,4.557261996992207,22.03815947378815,0.5169739789763915,0.4830260210236085,2025 high schools only for school-level metrics
경상북도 경주시,19,6691.0,3732.0,2959.0,341.0,670,352.1578947368421,19.621700879765395,9.986567164179105,243462,556,19758,1447358,83.09669705574653,7.804092630472107,27.482728310783614,0.5577641608130325,0.44223583918696757,2025 high schools only for school-level metrics
경상북도 고령군,2,404.0,235.0,169.0,22.0,45,202.0,18.363636363636363,8.977777777777778,29625,32,925,1365279,79.20792079207921,6.751054852320675,13.637130801687764,0.5816831683168316,0.4183168316831683,2025 high schools only for school-level metrics
경상북도 구미시,21,12290.0,6248.0,6042.0,554.0,1146,585.2380952380952,22.184115523465703,10.724258289703316,403254,1285,53551,1413825,104.55655004068348,5.207635882099124,30.477069043332488,0.5083807973962571,0.49161920260374287,2025 high schools only for school-level metrics
경상북도 김천시,10,3881.0,2331.0,1550.0,185.0,363,388.1,20.978378378378377,10.69146005509642,133080,258,8573,1367005,66.47771192991497,7.514277126540426,29.162909528103395,0.6006183973202783,0.3993816026797217,2025 high schools only for school-level metrics
경상북도 문경시,6,1436.0,814.0,622.0,79.0,164,239.33333333333334,18.17721518987342,8.75609756097561,64989,96,2747,1399404,66.85236768802228,9.232331625351982,22.09604702334241,0.5668523676880223,0.4331476323119777,2025 high schools only for school-level metrics
경상북도 봉화군,3,522.0,234.0,288.0,25.0,57,174.0,20.88,9.157894736842104,28158,19,806,1256996,36.39846743295019,10.654165778819518,18.53824845514596,0.4482758620689655,0.5517241379310345,2025 high schools only for school-level metrics
경상북도 상주시,10,2665.0,1502.0,1163.0,145.0,275,266.5,18.379310344827587,9.690909090909091,89602,178,4814,1360727,66.79174484052533,11.16046516818821,29.742639673221582,0.5636022514071295,0.43639774859287056,2025 high schools only for school-level metrics
경상북도 성주군,3,741.0,341.0,400.0,37.0,74,247.0,20.027027027027028,10.013513513513514,40571,37,1054,1343960,49.932523616734144,7.39444430751029,18.26427743955042,0.4601889338731444,0.5398110661268556,2025 high schools only for school-level metrics
경상북도 안동시,13,4135.0,2156.0,1979.0,208.0,412,318.0769230769231,19.879807692307693,10.03640776699029,151745,373,11261,1423960,90.20556227327691,8.567003855151736,27.249662262348018,0.5214026602176541,0.4785973397823458,2025 high schools only for school-level metrics
경상북도 영덕군,4,464.0,259.0,205.0,30.0,62,116.0,15.466666666666667,7.483870967741935,32589,29,868,1436681,62.5,12.274080211114182,14.237933044892449,0.5581896551724138,0.4418103448275862,2025 high schools only for school-level metrics
경상북도 영양군,3,259.0,117.0,142.0,17.0,38,86.33333333333333,15.235294117647058,6.815789473684211,15986,13,383,1285114,50.19305019305019,18.766420618040787,16.201676466908545,0.4517374517374517,0.5482625482625483,2025 high schools only for school-level metrics
경상북도 영주시,9,2969.0,1701.0,1268.0,144.0,282,329.8888888888889,20.618055555555557,10.52836879432624,96790,225,7830,1359608,75.78309195015157,9.298481248062815,30.674656472776114,0.5729201751431459,0.42707982485685414,2025 high schools only for school-level metrics
경상북도 영천시,9,2071.0,1149.0,922.0,106.0,222,230.11111111111111,19.537735849056602,9.32882882882883,94756,140,4304,1362611,67.60019314340899,9.4980792773017,21.856135759213135,0.5548044422984065,0.4451955577015934,2025 high schools only for school-level metrics
경상북도 예천군,3,1162.0,544.0,618.0,56.0,113,387.3333333333333,20.75,10.283185840707965,53808,115,4600,1435570,98.96729776247848,5.575379125780553,21.59530181385668,0.46815834767641995,0.53184165232358,2025 high schools only for school-level metrics
경상북도 울릉군,1,80.0,35.0,45.0,10.0,19,80.0,8.0,4.2105263157894735,8724,4,61,1669369,50.0,11.462631820265933,9.170105456212745,0.4375,0.5625,2025 high schools only for school-level metrics
경상북도 울진군,5,1126.0,700.0,426.0,62.0,133,225.2,18.161290322580644,8.466165413533835,45962,79,2335,1532911,70.15985790408526,10.878551847178104,24.49849875984509,0.6216696269982238,0.3783303730017762,2025 high schools only for school-level metrics
경상북도 의성군,6,804.0,529.0,275.0,48.0,106,134.0,16.75,7.584905660377358,47868,27,848,1280215,33.582089552238806,12.534469791927801,16.79618952118325,0.6579601990049752,0.3420398009950249,2025 high schools only for school-level metrics
경상북도 청도군,5,1295.0,685.0,610.0,63.0,125,259.0,20.555555555555557,10.36,40119,39,1406,1294849,30.115830115830114,12.462922804656147,32.27897006405942,0.528957528957529,0.47104247104247104,2025 high schools only for school-level metrics
경상북도 청송군,5,232.0,93.0,139.0,18.0,54,46.4,12.88888888888889,4.296296296296297,23313,11,318,1303119,47.41379310344827,21.447261184746708,9.951529189722473,0.40086206896551724,0.5991379310344828,2025 high schools only for school-level metrics
경상북도 칠곡군,7,2638.0,1409.0,1229.0,121.0,236,376.85714285714283,21.801652892561982,11.177966101694915,104347,218,7929,1452704,82.63836239575436,6.708386441392661,25.281033474848343,0.5341167551175132,0.4658832448824867,2025 high schools only for school-level metrics
경상북도 포항시,27,12408.0,6380.0,6028.0,582.0,1156,459.55555555555554,21.31958762886598,10.73356401384083,273951,1349,45726,1456948,108.72018052869117,9.855777128026544,45.292771335019765,0.5141843971631206,0.4858156028368794,2025 high schools only for school-level metrics
광주광역시 광산구,17,11481.0,6422.0,5059.0,453.0,889,675.3529411764706,25.344370860927153,12.91451068616423,386223,1284,60335,1391767,111.83694800104522,4.401602183194683,29.726349803093033,0.5593589408588102,0.4406410591411898,2025 high schools only for school-level metrics
광주광역시 남구,17,8899.0,3759.0,5140.0,409.0,785,523.4705882352941,21.757946210268948,11.336305732484076,207015,914,43064,1358226,102.70816945724239,8.211965316522958,42.98722314808106,0.4224070120238229,0.5775929879761771,2025 high schools only for school-level metrics
광주광역시 동구,5,2881.0,1190.0,1691.0,127.0,245,576.2,22.68503937007874,11.759183673469387,104794,388,14909,1354972,134.67545990975356,4.771265530469302,27.492031986564115,0.41305102395001736,0.5869489760499826,2025 high schools only for school-level metrics
광주광역시 북구,21,12797.0,6675.0,6122.0,543.0,1084,609.3809523809524,23.567219152854513,11.805350553505535,415473,1313,46637,1360440,102.60217238415254,5.054480074517478,30.801038816000077,0.5216066265530984,0.47839337344690164,2025 high schools only for school-level metrics
광주광역시 서구,8,5447.0,3418.0,2029.0,225.0,423,680.875,24.20888888888889,12.877068557919621,275730,918,41219,1389268,168.53313750688454,2.9013890400029014,19.754832626119754,0.6275013769047182,0.3724986230952818,2025 high schools only for school-level metrics
대구광역시 군위군,1,273.0,162.0,111.0,13.0,30,273.0,21.0,9.1,22567,14,183,1374736,51.28205128205128,4.431249169140781,12.097310231754332,0.5934065934065934,0.4065934065934066,2025 high schools only for school-level metrics
대구광역시 남구,7,4247.0,1940.0,2307.0,189.0,371,606.7142857142857,22.47089947089947,11.44743935309973,137746,261,6024,1369859,61.45514480809983,5.081817257851408,30.83211127727847,0.4567930303743819,0.5432069696256181,2025 high schools only for school-level metrics
대구광역시 달서구,23,14828.0,6785.0,8043.0,644.0,1323,644.695652173913,23.024844720496894,11.207860922146637,516019,1762,63882,1462509,118.82924197464256,4.457200219371767,28.7353760229759,0.45758025357431886,0.5424197464256811,2025 high schools only for school-level metrics
대구광역시 달성군,10,5442.0,2842.0,2600.0,225.0,455,544.2,24.186666666666667,11.96043956043956,253530,750,37449,1426218,137.8169790518192,3.9443063937206637,21.464915394627855,0.5222344726203602,0.47776552737963984,2025 high schools only for school-level metrics
대구광역시 동구,11,6387.0,4082.0,2305.0,274.0,597,580.6363636363636,23.31021897810219,10.698492462311558,338753,885,24836,1411493,138.5627054955378,3.2472037148010493,18.85444556948573,0.6391106935963676,0.36088930640363237,2025 high schools only for school-level metrics
대구광역시 북구,17,9600.0,4794.0,4806.0,413.0,839,564.7058823529412,23.24455205811138,11.442193087008343,408481,1184,38368,1458014,123.33333333333334,4.1617602777118154,23.50170509766672,0.499375,0.500625,2025 high schools only for school-level metrics
대구광역시 서구,6,3975.0,2305.0,1670.0,171.0,351,662.5,23.24561403508772,11.324786324786325,163987,251,7959,1375675,63.14465408805031,3.6588266143047923,24.23972631976925,0.579874213836478,0.42012578616352203,2025 high schools only for school-level metrics
대구광역시 수성구,17,12039.0,6518.0,5521.0,526.0,1054,708.1764705882352,22.88783269961977,11.422201138519924,409297,2486,99741,1501656,206.49555610931142,4.153463133128266,29.41384862337129,0.5414070936124262,0.4585929063875737,2025 high schools only for school-level metrics
대구광역시 중구,4,2742.0,1311.0,1431.0,116.0,241,685.5,23.637931034482758,11.377593360995851,101081,444,20654,1461963,161.92560175054703,3.9572224255794857,27.126759727347373,0.47811816192560175,0.5218818380743983,2025 high schools only for school-level metrics
대전광역시 대덕구,5,3265.0,1558.0,1707.0,153.0,280,653.0,21.33986928104575,11.660714285714286,165010,316,11750,1416658,96.78407350689127,3.030119386703836,19.78667959517605,0.4771822358346095,0.5228177641653905,2025 high schools only for school-level metrics
대전광역시 동구,9,5287.0,2936.0,2351.0,273.0,530,587.4444444444445,19.366300366300365,9.975471698113207,218169,357,11852,1402844,67.52411575562701,4.125242357988531,24.233507051872632,0.5553243805560809,0.44467561944391903,2025 high schools only for school-level metrics
대전광역시 서구,17,11717.0,5783.0,5934.0,504.0,954,689.2352941176471,23.248015873015873,12.281970649895179,463863,1474,67272,1418461,125.8001194845097,3.66487518944171,25.259613290993247,0.49355637108474865,0.5064436289152513,2025 high schools only for school-level metrics
대전광역시 유성구,17,9784.0,5008.0,4776.0,450.0,967,575.5294117647059,21.74222222222222,10.11789038262668,369113,1151,36908,1470486,117.64104660670482,4.6056356725447225,26.506787894222096,0.5118560915780866,0.48814390842191335,2025 high schools only for school-level metrics
대전광역시 중구,14,8552.0,4867.0,3685.0,435.0,815,610.8571428571429,19.65977011494253,10.493251533742331,225250,476,18576,1439354,55.659494855004674,6.215316315205327,37.96670366259711,0.5691066417212348,0.4308933582787652,2025 high schools only for school-level metrics
부산광역시 강서구,6,2934.0,1590.0,1344.0,113.0,238,489.0,25.964601769911503,12.327731092436975,151888,639,33156,1517688,217.7914110429448,3.9502791530601495,19.31686505846413,0.5419222903885481,0.45807770961145194,2025 high schools only for school-level metrics
부산광역시 금정구,14,6561.0,3307.0,3254.0,322.0,646,468.64285714285717,20.375776397515526,10.156346749226007,205932,621,25053,1394250,94.65020576131687,6.798360623895267,31.860031466697748,0.5040390184423106,0.49596098155768936,2025 high schools only for school-level metrics
부산광역시 기장군,5,3736.0,1743.0,1993.0,131.0,269,747.2,28.519083969465647,13.888475836431226,175273,581,25343,1384823,155.51391862955032,2.8526926565985633,21.315319530104468,0.466541755888651,0.533458244111349,2025 high schools only for school-level metrics
부산광역시 남구,15,6342.0,3717.0,2625.0,334.0,653,422.8,18.98802395209581,9.712098009188361,252749,636,25044,1405991,100.28382213812677,5.9347415815690665,25.09208740687401,0.5860927152317881,0.4139072847682119,2025 high schools only for school-level metrics
부산광역시 동구,5,2241.0,1049.0,1192.0,121.0,241,448.2,18.520661157024794,9.298755186721992,83553,110,4748,1369028,49.085229808121376,5.984225581367515,26.821299055689202,0.4680946006247211,0.5319053993752789,2025 high schools only for school-level metrics
부산광역시 동래구,13,8138.0,4373.0,3765.0,349.0,696,626.0,23.318051575931232,11.692528735632184,272758,1135,43753,1450548,139.46915704104202,4.766129682722413,29.835971813842306,0.537355615630376,0.46264438436962396,2025 high schools only for school-level metrics
부산광역시 부산진구,17,8176.0,4470.0,3706.0,400.0,799,480.94117647058823,20.44,10.23279098873592,365395,888,44876,1411733,108.6105675146771,4.6524993500184735,22.375785109265315,0.5467221135029354,0.4532778864970646,2025 high schools only for school-level metrics
부산광역시 북구,9,4404.0,1818.0,2586.0,228.0,450,489.3333333333333,19.31578947368421,9.786666666666667,262000,658,31552,1395132,149.4096276112625,3.435114503816794,16.80916030534351,0.4128065395095368,0.5871934604904632,2025 high schools only for school-level metrics
부산광역시 사상구,5,2134.0,1072.0,1062.0,110.0,224,426.8,19.4,9.526785714285714,193474,273,21456,1436131,127.92877225866917,2.5843265761807785,11.029905827139565,0.5023430178069354,0.49765698219306465,2025 high schools only for school-level metrics
부산광역시 사하구,14,6684.0,3566.0,3118.0,322.0,649,477.42857142857144,20.757763975155278,10.298921417565486,284653,684,36568,1388027,102.33393177737882,4.918268909865696,23.481220995387368,0.5335128665469778,0.4664871334530221,2025 high schools only for school-level metrics
부산광역시 서구,5,2242.0,1222.0,1020.0,115.0,224,448.4,19.495652173913044,10.008928571428571,101572,227,11493,1396475,101.24888492417485,4.922616469105659,22.073012247469777,0.5450490633363069,0.45495093666369313,2025 high schools only for school-level metrics
부산광역시 수영구,4,2213.0,700.0,1513.0,102.0,205,553.25,21.69607843137255,10.795121951219512,168745,504,21010,1389448,227.74514234071398,2.3704406056475746,13.114462650745208,0.3163126976954361,0.683687302304564,2025 high schools only for school-level metrics
부산광역시 연제구,4,2331.0,827.0,1504.0,96.0,192,582.75,24.28125,12.140625,211506,546,19908,1406453,234.23423423423424,1.891199304038656,11.020963944285269,0.35478335478335477,0.6452166452166452,2025 high schools only for school-level metrics
부산광역시 영도구,7,2668.0,1508.0,1160.0,135.0,283,381.14285714285717,19.762962962962963,9.42756183745583,100944,129,5919,1403031,48.35082458770615,6.934537961642099,26.430496116658745,0.5652173913043478,0.43478260869565216,2025 high schools only for school-level metrics
부산광역시 중구,4,1499.0,620.0,879.0,84.0,167,374.75,17.845238095238095,8.976047904191617,36399,52,3457,1321175,34.68979319546364,10.989312893211352,41.182450067309546,0.4136090727151434,0.5863909272848565,2025 high schools only for school-level metrics
부산광역시 해운대구,14,8119.0,4633.0,3486.0,379.0,774,579.9285714285714,21.4221635883905,10.489664082687339,372175,1408,63214,1456078,173.420371966991,3.761671256801236,21.815006381406594,0.5706367779283162,0.4293632220716837,2025 high schools only for school-level metrics
서울특별시 강남구,22,17702.0,9831.0,7871.0,684.0,1429,804.6363636363636,25.880116959064328,12.387683694891532,555502,3443,305074,1799199,194.497796859112,3.9603817808036696,31.866671947175703,0.5553609761608858,0.44463902383911424,2025 high schools only for school-level metrics
서울특별시 강동구,14,11220.0,6424.0,4796.0,427.0,863,801.4285714285714,26.27634660421546,13.001158748551564,500063,1412,70412,1497658,125.84670231729056,2.7996472444471996,22.437172916212557,0.5725490196078431,0.42745098039215684,2025 high schools only for school-level metrics
서울특별시 강북구,7,4988.0,2146.0,2842.0,200.0,398,712.5714285714286,24.94,12.532663316582914,278786,383,16618,1375731,76.78428227746592,2.51088648640893,17.89185970601106,0.43023255813953487,0.5697674418604651,2025 high schools only for school-level metrics
서울특별시 강서구,23,12880.0,6872.0,6008.0,561.0,1173,560.0,22.959001782531196,10.980392156862745,549050,1379,50424,1461938,107.06521739130436,4.189053820234951,23.458701393315724,0.5335403726708075,0.46645962732919255,2025 high schools only for school-level metrics
서울특별시 관악구,17,8035.0,3537.0,4498.0,359.0,742,472.6470588235294,22.381615598885794,10.828840970350404,478195,724,45628,1363143,90.10578718108276,3.555035079831449,16.80276874496806,0.4401991288114499,0.55980087118855,2025 high schools only for school-level metrics
서울특별시 광진구,9,7022.0,2840.0,4182.0,264.0,509,780.2222222222222,26.598484848484848,13.795677799607073,331095,734,40224,1477338,104.52862432355454,2.7182530693607574,21.208414503390266,0.40444317858160067,0.5955568214183993,2025 high schools only for school-level metrics
서울특별시 구로구,14,8767.0,4430.0,4337.0,356.0,763,626.2142857142857,24.626404494382022,11.490170380078636,382800,782,39423,1489914,89.19812934869397,3.657262277951933,22.902298850574713,0.5053039808372305,0.49469601916276945,2025 high schools only for school-level metrics
서울특별시 금천구,6,3449.0,1486.0,1963.0,147.0,341,574.8333333333334,23.462585034013607,10.114369501466276,222809,366,23674,1423920,106.11771527979124,2.6928894254720412,15.479626047421783,0.4308495216004639,0.5691504783995361,2025 high schools only for school-level metrics
서울특별시 노원구,25,16479.0,9005.0,7474.0,752.0,1585,659.16,21.913563829787233,10.396845425867507,482293,1429,165450,1444947,86.7164269676558,5.183570982784324,34.16802649012115,0.5464530614721768,0.4535469385278233,2025 high schools only for school-level metrics
서울특별시 도봉구,9,5697.0,2923.0,2774.0,248.0,495,633.0,22.971774193548388,11.50909090909091,299295,591,57540,1412720,103.73880989994734,3.0070666065253344,19.034731619305365,0.5130770581007548,0.48692294189924523,2025 high schools only for school-level metrics
서울특별시 동대문구,11,5954.0,3170.0,2784.0,248.0,538,541.2727272727273,24.008064516129032,11.066914498141264,350393,723,37985,1494223,121.43097077594895,3.139332121360872,16.992348591438756,0.5324151830702049,0.4675848169297951,2025 high schools only for school-level metrics
서울특별시 동작구,7,5088.0,3137.0,1951.0,214.0,452,726.8571428571429,23.77570093457944,11.256637168141593,371746,924,69327,1510128,181.60377358490564,1.8830061386000119,13.686764618852656,0.6165487421383647,0.3834512578616352,2025 high schools only for school-level metrics
서울특별시 마포구,9,5556.0,2813.0,2743.0,239.0,509,617.3333333333334,23.246861924686193,10.915520628683694,357136,1172,95546,1521447,210.943124550036,2.520048384928991,15.55709869629497,0.5062994960403168,0.49370050395968323,2025 high schools only for school-level metrics
서울특별시 서대문구,7,4594.0,2037.0,2557.0,185.0,395,656.2857142857143,24.832432432432434,11.630379746835443,300175,737,49849,1456821,160.4266434479756,2.331973015740818,15.30440576330474,0.4434044405746626,0.5565955594253374,2025 high schools only for school-level metrics
서울특별시 서초구,11,9748.0,5144.0,4604.0,365.0,745,886.1818181818181,26.706849315068492,13.084563758389262,415691,1811,199176,1772649,185.7816988100123,2.646196333334135,23.450110779401047,0.5276979893311449,0.47230201066885513,2025 high schools only for school-level metrics
서울특별시 성동구,7,3462.0,1111.0,2351.0,155.0,336,494.57142857142856,22.335483870967742,10.303571428571429,274854,574,35537,1631845,165.8001155401502,2.5468066682675166,12.595778122203061,0.32091276718659734,0.6790872328134027,2025 high schools only for school-level metrics
서울특별시 성북구,13,7421.0,3933.0,3488.0,324.0,699,570.8461538461538,22.90432098765432,10.61659513590844,422542,970,44854,1482263,130.71014688047433,3.0766172356830803,17.56275115846472,0.5299824821452634,0.47001751785473656,2025 high schools only for school-level metrics
서울특별시 송파구,20,14184.0,7120.0,7064.0,572.0,1188,709.2,24.797202797202797,11.93939393939394,649042,1948,113680,1598736,137.33784545967288,3.0814646817925495,21.853747523272762,0.5019740552735477,0.49802594472645234,2025 high schools only for school-level metrics
서울특별시 양천구,15,12015.0,5825.0,6190.0,464.0,925,801.0,25.89439655172414,12.989189189189188,424499,2101,98629,1544422,174.86475239284226,3.533577228686051,28.30395360177527,0.4848106533499792,0.5151893466500208,2025 high schools only for school-level metrics
서울특별시 영등포구,9,5474.0,3082.0,2392.0,231.0,473,608.2222222222222,23.696969696969695,11.572938689217759,371055,863,54674,1576488,157.6543660942638,2.425516432873833,14.7525299483904,0.5630252100840336,0.4369747899159664,2025 high schools only for school-level metrics
서울특별시 용산구,10,4097.0,2710.0,1387.0,212.0,472,409.7,19.32547169811321,8.680084745762711,201494,249,15417,1609028,60.77617769099341,4.9629269357896515,20.3331116559302,0.6614596045887234,0.33854039541127656,2025 high schools only for school-level metrics
서울특별시 은평구,18,11121.0,5785.0,5336.0,496.0,1038,617.8333333333334,22.421370967741936,10.713872832369942,454341,1078,50239,1433566,96.93372898120673,3.9617820095478944,24.477209848990075,0.5201870335401493,0.4798129664598507,2025 high schools only for school-level metrics
서울특별시 종로구,14,7183.0,3952.0,3231.0,325.0,693,513.0714285714286,22.10153846153846,10.365079365079366,136764,294,40152,1555244,40.929973548656555,10.236611973911263,52.52113129186043,0.5501879437560908,0.44981205624390924,2025 high schools only for school-level metrics
서울특별시 중구,11,5193.0,2398.0,2795.0,253.0,556,472.09090909090907,20.525691699604742,9.339928057553957,117625,160,17814,1599973,30.810706720585404,9.351753453772583,44.148777895855474,0.46177546697477373,0.5382245330252262,2025 high schools only for school-level metrics
서울특별시 중랑구,10,5758.0,2665.0,3093.0,246.0,520,575.8,23.40650406504065,11.073076923076924,376884,562,26079,1406067,97.60333449114275,2.653336305069995,15.277910444593031,0.46283431747134424,0.5371656825286558,2025 high schools only for school-level metrics
세종특별자치시,22,14342.0,7040.0,7302.0,600.0,1173,651.9090909090909,23.903333333333332,12.226768968456948,391240,1716,56507,1493570,119.64858457676753,5.623146917493099,36.65780595031183,0.49086598800725145,0.5091340119927485,2025 high schools only for school-level metrics
울산광역시 남구,14,8557.0,4584.0,3973.0,362.0,676,611.2142857142857,23.638121546961326,12.658284023668639,304648,1358,2048170,1448143,158.70047913988546,4.595467555999054,28.088154197631365,0.5357017646371391,0.4642982353628608,2025 high schools only for school-level metrics
울산광역시 동구,9,5144.0,2630.0,2514.0,211.0,420,571.5555555555555,24.379146919431278,12.247619047619047,148469,387,12346,1316558,75.23328149300156,6.061871501794987,34.64696333914824,0.5112752721617418,0.48872472783825816,2025 high schools only for school-level metrics
울산광역시 북구,12,6920.0,3550.0,3370.0,284.0,556,576.6666666666666,24.366197183098592,12.446043165467627,214395,737,23850,1391078,106.5028901734104,5.597145455817533,32.27687212854777,0.5130057803468208,0.4869942196531792,2025 high schools only for school-level metrics
울산광역시 울주군,12,6285.0,3340.0,2945.0,274.0,522,523.75,22.937956204379564,12.040229885057471,218641,594,17525,1443617,94.5107398568019,5.488449101495145,28.74575216908082,0.5314240254574384,0.46857597454256167,2025 high schools only for school-level metrics
울산광역시 중구,9,4498.0,2209.0,2289.0,185.0,353,499.77777777777777,24.313513513513513,12.742209631728045,203682,584,18333,1363760,129.8354824366385,4.418652605532153,22.08344379964847,0.49110715873721655,0.5088928412627834,2025 high schools only for school-level metrics
인천광역시 강화군,8,1650.0,999.0,651.0,83.0,189,206.25,19.879518072289155,8.73015873015873,69677,75,3313,1499363,45.45454545454545,11.481550583406289,23.68069807827547,0.6054545454545455,0.39454545454545453,2025 high schools only for school-level metrics
인천광역시 계양구,11,6060.0,3290.0,2770.0,259.0,488,550.9090909090909,23.397683397683398,12.418032786885245,277372,482,30801,1420067,79.53795379537954,3.9657932307514816,21.847915434867257,0.5429042904290429,0.4570957095709571,2025 high schools only for school-level metrics
인천광역시 남동구,16,11827.0,5250.0,6577.0,465.0,900,739.1875,25.434408602150537,13.141111111111112,479874,1141,68498,1422111,96.4741692736958,3.3342085630811424,24.64605292222542,0.44389955187283336,0.5561004481271666,2025 high schools only for school-level metrics
인천광역시 동구,3,1539.0,1009.0,530.0,79.0,168,513.0,19.481012658227847,9.160714285714286,57033,62,3564,1410785,40.28589993502274,5.260112566408922,26.984377465677763,0.6556205328135153,0.3443794671864847,2025 high schools only for school-level metrics
인천광역시 미추홀구,15,8353.0,5047.0,3306.0,416.0,825,556.8666666666667,20.079326923076923,10.124848484848485,416941,628,34828,1416046,75.18256913683706,3.5976313195392158,20.034009608074044,0.6042140548305998,0.3957859451694002,2025 high schools only for school-level metrics
인천광역시 부평구,19,10474.0,5609.0,4865.0,452.0,888,551.2631578947369,23.172566371681416,11.795045045045045,489901,941,56034,1435878,89.84151231621156,3.8783346022971985,21.37982980234782,0.535516517089937,0.46448348291006303,2025 high schools only for school-level metrics
인천광역시 서구,20,15813.0,7653.0,8160.0,601.0,1140,790.65,26.31114808652246,13.871052631578948,656549,1765,110036,1501120,111.61702396762158,3.0462311266942756,24.085026403208293,0.4839688863593246,0.5160311136406754,2025 high schools only for school-level metrics
인천광역시 연수구,16,12050.0,6260.0,5790.0,478.0,966,753.125,25.209205020920503,12.474120082815736,410040,1424,93030,1580915,118.17427385892117,3.90205833577212,29.38737684128378,0.5195020746887967,0.48049792531120333,2025 high schools only for school-level metrics
인천광역시 옹진군,5,228.0,123.0,105.0,23.0,62,45.6,9.91304347826087,3.6774193548387095,19455,5,366,1674171,21.929824561403507,25.70033410434336,11.719352351580572,0.5394736842105263,0.4605263157894737,2025 high schools only for school-level metrics
인천광역시 중구,15,7897.0,3732.0,4165.0,360.0,731,526.4666666666667,21.93611111111111,10.803009575923392,177525,340,20681,1481851,43.054324426997596,8.449514152936207,44.48387551049148,0.47258452576927945,0.5274154742307205,2025 high schools only for school-level metrics
전라남도 강진군,4,726.0,411.0,315.0,43.0,99,181.5,16.88372093023256,7.333333333333333,31759,34,771,1335094,46.83195592286501,12.594855001731792,22.859661828143203,0.5661157024793388,0.43388429752066116,2025 high schools only for school-level metrics
전라남도 고흥군,4,800.0,421.0,379.0,49.0,101,200.0,16.3265306122449,7.920792079207921,59317,49,1897,1279197,61.25,6.743429371006625,13.48685874201325,0.52625,0.47375,2025 high schools only for school-level metrics
전라남도 곡성군,4,693.0,376.0,317.0,42.0,95,173.25,16.5,7.294736842105263,27499,24,625,1303830,34.63203463203463,14.545983490308739,25.20091639695989,0.5425685425685426,0.4574314574314574,2025 high schools only for school-level metrics
전라남도 광양시,9,4216.0,2108.0,2108.0,187.0,388,468.44444444444446,22.545454545454547,10.8659793814433,155672,318,9643,1495484,75.426944971537,5.781386504959145,27.082583894341948,0.5,0.5,2025 high schools only for school-level metrics
전라남도 구례군,2,384.0,192.0,192.0,25.0,50,192.0,15.36,7.68,23904,26,666,1299583,67.70833333333333,8.366800535475234,16.064257028112447,0.5,0.5,2025 high schools only for school-level metrics
전라남도 나주시,12,3595.0,1863.0,1732.0,185.0,381,299.5833333333333,19.43243243243243,9.435695538057743,116940,286,11607,1363841,79.55493741307372,10.26167265264238,30.74226098854113,0.5182197496522949,0.48178025034770516,2025 high schools only for school-level metrics
전라남도 담양군,4,1199.0,621.0,578.0,61.0,141,299.75,19.65573770491803,8.50354609929078,44108,26,818,1303905,21.68473728106756,9.068649678062936,27.183277409993654,0.517931609674729,0.48206839032527105,2025 high schools only for school-level metrics
전라남도 목포시,15,7201.0,3699.0,3502.0,326.0,653,480.06666666666666,22.088957055214724,11.027565084226646,201025,513,18313,1326528,71.2401055408971,7.46175848775028,35.82141524685984,0.513678655742258,0.486321344257742,2025 high schools only for school-level metrics
전라남도 무안군,5,2208.0,1039.0,1169.0,88.0,180,441.6,25.09090909090909,12.266666666666667,95696,323,11404,1353457,146.28623188405797,5.2248787828122385,23.073064704898844,0.47056159420289856,0.5294384057971014,2025 high schools only for school-level metrics
전라남도 보성군,6,856.0,384.0,472.0,54.0,115,142.66666666666666,15.851851851851851,7.443478260869565,36819,35,846,1342057,40.88785046728972,16.295934164425976,23.24886607458106,0.4485981308411215,0.5514018691588785,2025 high schools only for school-level metrics
전라남도 순천시,15,8275.0,4381.0,3894.0,393.0,783,551.6666666666666,21.0559796437659,10.568326947637292,274763,721,42521,1425819,87.1299093655589,5.459250335743896,30.116864352187157,0.5294259818731117,0.4705740181268882,2025 high schools only for school-level metrics
전라남도 신안군,6,458.0,250.0,208.0,34.0,82,76.33333333333333,13.470588235294118,5.585365853658536,41889,4,110,1389731,8.73362445414847,14.32356943350283,10.933658000907158,0.5458515283842795,0.45414847161572053,2025 high schools only for school-level metrics
전라남도 여수시,15,6681.0,3446.0,3235.0,331.0,666,445.4,20.184290030211482,10.031531531531531,262218,645,19838,1448007,96.54243376740008,5.72043109168707,25.478800082374207,0.5157910492441251,0.4842089507558749,2025 high schools only for school-level metrics
전라남도 영광군,6,1216.0,650.0,566.0,74.0,151,202.66666666666666,16.43243243243243,8.052980132450331,53807,85,4065,1412325,69.90131578947368,11.150965487761814,22.59929005519728,0.5345394736842105,0.4654605263157895,2025 high schools only for school-level metrics
전라남도 영암군,6,1041.0,532.0,509.0,59.0,132,173.5,17.64406779661017,7.886363636363637,50058,56,1721,1326199,53.79442843419788,11.986096128490951,20.7958767829318,0.5110470701248799,0.48895292987512007,2025 high schools only for school-level metrics
전라남도 완도군,6,785.0,446.0,339.0,47.0,110,130.83333333333334,16.70212765957447,7.136363636363637,44416,44,1347,1394656,56.05095541401274,13.50864553314121,17.673811239193082,0.5681528662420382,0.4318471337579618,2025 high schools only for school-level metrics
전라남도 장성군,4,925.0,490.0,435.0,49.0,98,231.25,18.877551020408163,9.438775510204081,43001,47,1263,1317263,50.810810810810814,9.30210925327318,21.51112764819423,0.5297297297297298,0.4702702702702703,2025 high schools only for school-level metrics
전라남도 장흥군,4,539.0,302.0,237.0,34.0,73,134.75,15.852941176470589,7.383561643835616,34102,28,1039,1355126,51.948051948051955,11.729517330361857,15.8055246026626,0.5602968460111317,0.4397031539888683,2025 high schools only for school-level metrics
전라남도 진도군,4,497.0,236.0,261.0,32.0,72,124.25,15.53125,6.902777777777778,27922,32,1051,1344655,64.38631790744468,14.32562137382709,17.79958455698016,0.47484909456740443,0.5251509054325956,2025 high schools only for school-level metrics
전라남도 함평군,4,793.0,394.0,399.0,45.0,104,198.25,17.622222222222224,7.625,29325,14,304,1311274,17.654476670870114,13.640238704177325,27.04177323103154,0.4968474148802018,0.5031525851197982,2025 high schools only for school-level metrics
전라남도 해남군,4,1108.0,575.0,533.0,67.0,134,277.0,16.53731343283582,8.26865671641791,62147,73,2009,1389775,65.88447653429604,6.4363525190274675,17.828696477706085,0.5189530685920578,0.48104693140794225,2025 high schools only for school-level metrics
전라남도 화순군,4,1525.0,779.0,746.0,74.0,152,381.25,20.60810810810811,10.032894736842104,60160,74,2990,1349331,48.52459016393443,6.6489361702127665,25.34906914893617,0.5108196721311475,0.48918032786885246,2025 high schools only for school-level metrics
전북특별자치도 고창군,6,1530.0,981.0,549.0,87.0,171,255.0,17.586206896551722,8.947368421052632,50196,72,1584,1341623,47.05882352941176,11.953143676786995,30.480516375806836,0.6411764705882353,0.3588235294117647,2025 high schools only for school-level metrics
전북특별자치도 군산시,12,6847.0,3432.0,3415.0,292.0,595,570.5833333333334,23.448630136986303,11.507563025210084,255886,665,19432,1413287,97.12282751570031,4.689588332304229,26.758009426072547,0.5012414195998247,0.49875858040017523,2025 high schools only for school-level metrics
전북특별자치도 김제시,10,1910.0,1014.0,896.0,108.0,239,191.0,17.685185185185187,7.99163179916318,81743,107,3416,1350970,56.02094240837696,12.233463415827655,23.36591512423082,0.5308900523560209,0.46910994764397906,2025 high schools only for school-level metrics
전북특별자치도 남원시,9,1968.0,1029.0,939.0,117.0,299,218.66666666666666,16.82051282051282,6.581939799331104,74243,135,4080,1322198,68.59756097560977,12.122354969492072,26.507549533289335,0.5228658536585366,0.4771341463414634,2025 high schools only for school-level metrics
전북특별자치도 무주군,5,540.0,259.0,281.0,32.0,76,108.0,16.875,7.105263157894737,22871,27,679,1364200,50.0,21.861746316295743,23.610686021599406,0.47962962962962963,0.5203703703703704,2025 high schools only for school-level metrics
전북특별자치도 부안군,7,1028.0,526.0,502.0,60.0,131,146.85714285714286,17.133333333333333,7.847328244274809,47100,57,1803,1330309,55.44747081712062,14.8619957537155,21.825902335456476,0.5116731517509727,0.4883268482490272,2025 high schools only for school-level metrics
전북특별자치도 순창군,3,601.0,320.0,281.0,32.0,72,200.33333333333334,18.78125,8.347222222222221,27687,24,1107,1282521,39.93344425956739,10.835410120273052,21.706938274280347,0.5324459234608985,0.46755407653910147,2025 high schools only for school-level metrics
전북특별자치도 완주군,8,1780.0,932.0,848.0,99.0,247,222.5,17.97979797979798,7.206477732793522,100355,208,6008,1332929,116.85393258426967,7.971700463355089,17.737033530965075,0.5235955056179775,0.4764044943820225,2025 high schools only for school-level metrics
전북특별자치도 익산시,18,7844.0,4090.0,3754.0,369.0,768,435.77777777777777,21.257452574525747,10.213541666666666,266797,636,20877,1389437,81.08108108108108,6.746702549129114,29.400630441871538,0.5214176440591535,0.4785823559408465,2025 high schools only for school-level metrics
전북특별자치도 임실군,3,381.0,222.0,159.0,20.0,50,127.0,19.05,7.62,25309,20,312,1333054,52.493438320209975,11.853490853056226,15.053933383381406,0.5826771653543307,0.41732283464566927,2025 high schools only for school-level metrics
전북특별자치도 장수군,5,452.0,235.0,217.0,27.0,69,90.4,16.74074074074074,6.550724637681159,21052,23,462,1263567,50.88495575221239,23.75071252137564,21.47064411932358,0.5199115044247787,0.48008849557522126,2025 high schools only for school-level metrics
전북특별자치도 전주시,29,20083.0,10389.0,9694.0,821.0,1651,692.5172413793103,24.46163215590743,12.164142943670504,308216,2546,86371,1400684,126.77388836329234,9.40898590598801,65.15884963791626,0.51730319175422,0.48269680824578004,2025 high schools only for school-level metrics
전북특별자치도 정읍시,13,2698.0,1422.0,1276.0,151.0,314,207.53846153846155,17.867549668874172,8.59235668789809,100980,228,6997,1354607,84.50704225352112,12.87383640324817,26.71816201227966,0.5270570793180134,0.4729429206819867,2025 high schools only for school-level metrics
전북특별자치도 진안군,5,529.0,353.0,176.0,32.0,74,105.8,16.53125,7.148648648648648,24289,15,449,1285043,28.35538752362949,20.585450203795958,21.77940631561612,0.667296786389414,0.332703213610586,2025 high schools only for school-level metrics
제주특별자치도 서귀포시,10,4247.0,2216.0,2031.0,183.0,413,424.7,23.207650273224044,10.283292978208232,179000,452,10572,1376820,106.42806687073228,5.58659217877095,23.726256983240223,0.5217800800565104,0.4782199199434895,2025 high schools only for school-level metrics
제주특별자치도 제주시,20,14464.0,7424.0,7040.0,548.0,1154,723.2,26.394160583941606,12.533795493934143,484514,1315,46882,1407793,90.91537610619469,4.1278476989313,29.852594558671164,0.5132743362831859,0.48672566371681414,2025 high schools only for school-level metrics
충청남도 계룡시,2,1395.0,691.0,704.0,53.0,109,697.5,26.32075471698113,12.79816513761468,45990,115,3877,1393194,82.43727598566308,4.348771472059143,30.332681017612522,0.4953405017921147,0.5046594982078854,2025 high schools only for school-level metrics
충청남도 공주시,10,3292.0,1968.0,1324.0,175.0,365,329.2,18.81142857142857,9.01917808219178,99551,133,4721,1422527,40.400972053462944,10.045102510271118,33.06847746381251,0.5978128797083839,0.402187120291616,2025 high schools only for school-level metrics
충청남도 금산군,4,1011.0,541.0,470.0,54.0,114,252.75,18.72222222222222,8.868421052631579,48741,42,1890,1377105,41.54302670623145,8.206643277733326,20.74229088447098,0.5351137487636004,0.4648862512363996,2025 high schools only for school-level metrics
충청남도 논산시,13,3557.0,1959.0,1598.0,201.0,418,273.61538461538464,17.696517412935325,8.509569377990431,106522,165,5359,1404101,46.38740511667135,12.204051745179399,33.392163121233175,0.5507450098397526,0.4492549901602474,2025 high schools only for school-level metrics
충청남도 당진시,8,4386.0,2303.0,2083.0,171.0,319,548.25,25.649122807017545,13.74921630094044,172251,326,10766,1517496,74.32740538075696,4.644385228532781,25.46284201543097,0.5250797993616051,0.4749202006383949,2025 high schools only for school-level metrics
충청남도 보령시,6,1745.0,913.0,832.0,95.0,192,290.8333333333333,18.36842105263158,9.088541666666666,91621,172,4541,1471945,98.567335243553,6.548716997194966,19.045851933508693,0.5232091690544413,0.47679083094555874,2025 high schools only for school-level metrics
충청남도 부여군,5,1030.0,624.0,406.0,63.0,132,206.0,16.349206349206348,7.803030303030303,58036,51,2031,1352230,49.51456310679612,8.61534220139224,17.74760493486801,0.6058252427184466,0.3941747572815534,2025 high schools only for school-level metrics
충청남도 서산시,8,4599.0,2540.0,2059.0,182.0,354,574.875,25.26923076923077,12.991525423728813,171893,350,11989,1485392,76.10350076103501,4.654058047739,26.75501620193958,0.5522939769515112,0.4477060230484888,2025 high schools only for school-level metrics
충청남도 서천군,7,1159.0,515.0,644.0,67.0,159,165.57142857142858,17.29850746268657,7.289308176100629,47074,57,1649,1471282,49.18032786885246,14.870204359094194,24.6208097888431,0.4443485763589301,0.5556514236410699,2025 high schools only for school-level metrics
충청남도 아산시,12,11179.0,5576.0,5603.0,384.0,770,931.5833333333334,29.111979166666668,14.518181818181818,360864,730,25215,1483708,65.30101082386618,3.3253524873636606,30.9784295468653,0.4987923785669559,0.5012076214330441,2025 high schools only for school-level metrics
충청남도 예산군,7,2293.0,1191.0,1102.0,113.0,227,327.57142857142856,20.292035398230087,10.101321585903083,78647,106,4609,1416891,46.227649367640645,8.900530217300087,29.155593983241573,0.5194068905364152,0.4805931094635848,2025 high schools only for school-level metrics
충청남도 천안시,22,19884.0,10394.0,9490.0,706.0,1375,903.8181818181819,28.164305949008497,14.46109090909091,402028,1822,76334,1448934,91.63146248239791,5.472255663784613,49.459241644860555,0.5227318446992557,0.4772681553007443,2025 high schools only for school-level metrics
충청남도 청양군,2,568.0,310.0,258.0,33.0,71,284.0,17.21212121212121,8.0,29919,15,449,1375707,26.408450704225352,6.68471539824192,18.98459173100705,0.545774647887324,0.45422535211267606,2025 high schools only for school-level metrics
충청남도 태안군,4,1029.0,425.0,604.0,58.0,118,257.25,17.74137931034483,8.720338983050848,59169,53,1870,1497282,51.50631681243926,6.760296777028511,17.390863458905848,0.413022351797862,0.586977648202138,2025 high schools only for school-level metrics
충청남도 홍성군,8,2521.0,1238.0,1283.0,121.0,252,315.125,20.834710743801654,10.003968253968255,101040,200,6852,1429357,79.33359777865927,7.917656373713381,24.950514647664292,0.4910749702499008,0.5089250297500991,2025 high schools only for school-level metrics
충청북도 괴산군,1,402.0,189.0,213.0,20.0,41,402.0,20.1,9.804878048780488,37774,19,619,1367649,47.2636815920398,2.6473235558850003,10.642240694657701,0.4701492537313433,0.5298507462686567,2025 high schools only for school-level metrics
충청북도 단양군,2,509.0,256.0,253.0,26.0,50,254.5,19.576923076923077,10.18,26711,21,663,1377668,41.257367387033405,7.487551944891617,19.055819699749165,0.5029469548133595,0.49705304518664045,2025 high schools only for school-level metrics
충청북도 보은군,3,575.0,318.0,257.0,34.0,77,191.66666666666666,16.91176470588235,7.467532467532467,30601,26,862,1368825,45.21739130434783,9.803601189503611,18.790235613215255,0.5530434782608695,0.4469565217391304,2025 high schools only for school-level metrics
충청북도 영동군,5,824.0,427.0,397.0,48.0,97,164.8,17.166666666666668,8.494845360824742,43043,50,2901,1353445,60.67961165048544,11.616290686058127,19.143647050623795,0.5182038834951457,0.4817961165048544,2025 high schools only for school-level metrics
충청북도 옥천군,3,931.0,464.0,467.0,43.0,86,310.3333333333333,21.651162790697676,10.825581395348838,50117,42,1290,1435033,45.11278195488722,5.98599277690205,18.576530917652693,0.4983888292158969,0.5016111707841031,2025 high schools only for school-level metrics
충청북도 음성군,5,2056.0,1113.0,943.0,102.0,190,411.2,20.15686274509804,10.821052631578947,95021,107,4881,1528724,52.04280155642024,5.261994716957305,21.637322276128433,0.5413424124513618,0.4586575875486381,2025 high schools only for school-level metrics
충청북도 제천시,7,2866.0,1512.0,1354.0,128.0,251,409.42857142857144,22.390625,11.418326693227092,127640,250,7072,1477996,87.22958827634334,5.484174240050141,22.453776245691007,0.5275645498953245,0.4724354501046755,2025 high schools only for school-level metrics
충청북도 증평군,3,810.0,456.0,354.0,44.0,92,270.0,18.40909090909091,8.804347826086957,36623,68,2645,1461809,83.95061728395062,8.191573601288807,22.117248723479783,0.562962962962963,0.43703703703703706,2025 high schools only for school-level metrics
충청북도 진천군,6,2392.0,1318.0,1074.0,114.0,222,398.6666666666667,20.982456140350877,10.774774774774775,85689,144,4478,1557931,60.20066889632107,7.0020656093547595,27.91490156262764,0.5510033444816054,0.4489966555183946,2025 high schools only for school-level metrics
충청북도 청주시,37,23919.0,12501.0,11418.0,964.0,1825,646.4594594594595,24.812240663900415,13.106301369863013,186450,6,255,1464993,0.2508466072996363,19.84446232233843,128.2864038616251,0.5226389063087922,0.4773610936912078,2025 high schools only for school-level metrics
충청북도 충주시,11,5213.0,2642.0,2571.0,240.0,465,473.90909090909093,21.720833333333335,11.210752688172043,206177,488,14899,1416929,93.61212353731058,5.335221678460741,25.284100554378032,0.5068098983310954,0.49319010166890465,2025 high schools only for school-level metrics
